{
  "class_name": "firstName",
  "num_samples": 671,
  "mean_error": 0.00047113326988523015,
  "std_error": 0.0003260011300163769,
  "min_error": 0.00019713331130333245,
  "max_error": 0.0046745711006224155,
  "threshold_2std": 0.001123135529917984,
  "threshold_2_5std": 0.0012861360949261724,
  "threshold_3std": 0.001449136659934361,
  "threshold": 0.0012861360949261724,
  "epochs": 300,
  "latent_dim": 128
}